fold_name,fold_number,partition,id
0,0,train,srp_Myco.gall._AE015450
0,0,train,srp_Porp.purp._U38804
0,0,train,tRNA_tdbR00000321-Saccharomyces_cerevisiae-4932-Pro-UGG
0,0,train,tRNA_tdbR00000592-Ascaris_suum-6253-Gln-UG
0,0,train,srp_Fuso.nucl._AE009951
0,0,train,srp_Para.symb._BX908798
0,0,train,tRNA_tdbR00000590-Ascaris_suum-6253-Glu-UC
0,0,train,tRNA_tdbR00000053-Bos_taurus-9913-Glu-NUC
0,0,train,tRNA_tdbR00000549-Tetrahymena_pyriformis-5908-Tyr-QUA
0,0,train,srp_Gynu.aura._SDB-109565
0,0,train,srp_Rhod.balt._BX294144
0,0,train,tRNA_tdbR00000128-Halocynthia_roretzi-7729-Gly-GCU
0,0,train,tRNA_tdbR00000440-Neurospora_crassa-5141-Thr-UGU
0,0,train,tRNA_tdbR00000020-Escherichia_coli-562-Cys-GCA
0,0,train,tRNA_tdbR00000143-Asterias_amurensis-7602-His-QUG
0,0,train,srp_Schi.pomb._AU010514
0,0,train,srp_Toxo.gond._CO743022
0,0,train,tRNA_tdbR00000127-Halocynthia_roretzi-7729-Gly-UCU
0,0,train,16s_C.reinhardtii.mito_domain4
0,0,train,tRNA_tdbR00000336-Aedes_albopictus-7160-Gln-NUG
0,0,train,tRNA_tdbR00000384-Mycoplasma_capricolum-2095-Ser-GCU
0,0,train,srp_Vibr.para._BA000031
0,0,train,tRNA_tdbR00000052-Aedes_albopictus-7160-Glu-NUC
0,0,train,srp_Yers.pseu._BX936398
0,0,train,srp_Phyt.infe._CV911012
0,0,train,srp_Guil.thet._AF041468
0,0,train,tRNA_tdbR00000167-Aedes_albopictus-7160-Ile-GAU
0,0,train,tRNA_tdbR00000399-Aedes_albopictus-7160-Ser-GCU
0,0,train,tRNA_tdbR00000400-Loligo_bleekeri-6617-Ser-7CU
0,0,train,tRNA_tdbR00000591-Ascaris_suum-6253-Lys-UU
0,0,train,tRNA_tdbR00000460-Aedes_albopictus-7160-Val-UAC
0,0,train,16s_C.elegans_domain4
0,0,train,tRNA_tdbR00000125-Bos_taurus-9913-Gly-UCC
0,0,train,srp_Cyan.cald._AF022186
0,0,train,tRNA_tdbR00000217-Mycoplasma_capricolum-2095-Leu-AA
0,0,train,srp_Myco.spec._CP000580
0,0,train,tRNA_tdbR00000517-Neurospora_crassa-5141-Ini-CAU
0,0,train,tRNA_tdbR00000235-Neurospora_crassa-5141-Leu-NAA
0,0,train,srp_Dich.nodo._CP000513
0,0,train,srp_Camp.jeju._CP000768
0,0,train,tRNA_tdbR00000395-Saccharomyces_cerevisiae-4932-Ser-GCU
0,0,train,srp_Meso.viri._AF166114
0,0,train,tRNA_tdbR00000282-Ascaris_suum-6253-Met-AU
0,0,train,tRNA_tdbR00000328-Enterobacteria_phage_T5-10726-Gln-UUG
0,0,train,tRNA_tdbR00000364-Ascaris_suum-6253-Arg-ACG
0,0,train,tRNA_tdbR00000365-Aedes_albopictus-7160-Arg-UCG
0,0,train,srp_Camp.jeju._CP000538
0,0,train,srp_Cyan.mero._AY286123
0,0,train,srp_Bdel.bact._BX842656
0,0,train,srp_Pich.stip._CP000502
0,0,train,tRNA_tdbR00000594-Ascaris_suum-6253-Leu-AA
0,0,train,tRNA_tdbR00000078-Ascaris_suum-6253-Phe-GAA
0,0,train,RNaseP_H.chlorum-partial
0,0,train,tRNA_tdbR00000593-Ascaris_suum-6253-Trp-CA
0,0,valid,tRNA_tdbR00000030-Aedes_albopictus-7160-Asp-GUC
0,0,valid,tRNA_tdbR00000029-Asterias_amurensis-7602-Asp-QUC
0,0,valid,srp_Gloe.viol._BA000045
0,0,valid,srp_Chlo.tepi._AE006470
0,0,test,tmRNA_Jako.libe._TRW-143017_1-102
0,0,test,srp_Neph.oliv._AF137379
0,0,test,tRNA_tdbR00000246-Bos_taurus-9913-Leu-NAA
0,0,test,tRNA_tdbR00000609-Chlamydomonas_reinhardtii-3055-Leu-UA7
0,0,test,srp_Myco.hyop._AE017243
0,0,test,16s_H.sapiens.mito_domain4
0,0,test,tRNA_tdbR00000126-Halocynthia_roretzi-7729-Gly-NCU
0,0,test,tRNA_tdbR00000553-Asterias_amurensis-7602-Tyr-GUA
0,0,test,tRNA_tdbR00000184-Asterias_amurensis-7602-Lys-CUU
0,0,test,tRNA_tdbR00000124-Aedes_albopictus-7160-Gly-UCC
1,1,train,tRNA_tdbR00000282-Ascaris_suum-6253-Met-AU
1,1,train,srp_Cyan.mero._AY286123
1,1,train,tRNA_tdbR00000328-Enterobacteria_phage_T5-10726-Gln-UUG
1,1,train,srp_Bdel.bact._BX842656
1,1,train,srp_Myco.hyop._AE017243
1,1,train,srp_Meso.viri._AF166114
1,1,train,srp_Cyan.cald._AF022186
1,1,train,tRNA_tdbR00000593-Ascaris_suum-6253-Trp-CA
1,1,train,tRNA_tdbR00000167-Aedes_albopictus-7160-Ile-GAU
1,1,train,tRNA_tdbR00000553-Asterias_amurensis-7602-Tyr-GUA
1,1,train,tRNA_tdbR00000365-Aedes_albopictus-7160-Arg-UCG
1,1,train,tRNA_tdbR00000128-Halocynthia_roretzi-7729-Gly-GCU
1,1,train,tRNA_tdbR00000384-Mycoplasma_capricolum-2095-Ser-GCU
1,1,train,srp_Camp.jeju._CP000538
1,1,train,srp_Schi.pomb._AU010514
1,1,train,srp_Toxo.gond._CO743022
1,1,train,srp_Vibr.para._BA000031
1,1,train,tRNA_tdbR00000052-Aedes_albopictus-7160-Glu-NUC
1,1,train,tRNA_tdbR00000321-Saccharomyces_cerevisiae-4932-Pro-UGG
1,1,train,tRNA_tdbR00000594-Ascaris_suum-6253-Leu-AA
1,1,train,tRNA_tdbR00000126-Halocynthia_roretzi-7729-Gly-NCU
1,1,train,tRNA_tdbR00000029-Asterias_amurensis-7602-Asp-QUC
1,1,train,tRNA_tdbR00000336-Aedes_albopictus-7160-Gln-NUG
1,1,train,tRNA_tdbR00000591-Ascaris_suum-6253-Lys-UU
1,1,train,16s_C.elegans_domain4
1,1,train,tRNA_tdbR00000246-Bos_taurus-9913-Leu-NAA
1,1,train,tRNA_tdbR00000030-Aedes_albopictus-7160-Asp-GUC
1,1,train,tRNA_tdbR00000590-Ascaris_suum-6253-Glu-UC
1,1,train,srp_Para.symb._BX908798
1,1,train,srp_Yers.pseu._BX936398
1,1,train,tRNA_tdbR00000020-Escherichia_coli-562-Cys-GCA
1,1,train,srp_Pich.stip._CP000502
1,1,train,tRNA_tdbR00000440-Neurospora_crassa-5141-Thr-UGU
1,1,train,tRNA_tdbR00000078-Ascaris_suum-6253-Phe-GAA
1,1,train,tRNA_tdbR00000124-Aedes_albopictus-7160-Gly-UCC
1,1,train,srp_Porp.purp._U38804
1,1,train,srp_Camp.jeju._CP000768
1,1,train,srp_Rhod.balt._BX294144
1,1,train,tRNA_tdbR00000364-Ascaris_suum-6253-Arg-ACG
1,1,train,tmRNA_Jako.libe._TRW-143017_1-102
1,1,train,srp_Myco.spec._CP000580
1,1,train,tRNA_tdbR00000184-Asterias_amurensis-7602-Lys-CUU
1,1,train,tRNA_tdbR00000235-Neurospora_crassa-5141-Leu-NAA
1,1,train,tRNA_tdbR00000395-Saccharomyces_cerevisiae-4932-Ser-GCU
1,1,train,16s_H.sapiens.mito_domain4
1,1,train,tRNA_tdbR00000143-Asterias_amurensis-7602-His-QUG
1,1,train,tRNA_tdbR00000127-Halocynthia_roretzi-7729-Gly-UCU
1,1,train,srp_Gloe.viol._BA000045
1,1,train,srp_Phyt.infe._CV911012
1,1,train,srp_Fuso.nucl._AE009951
1,1,train,tRNA_tdbR00000400-Loligo_bleekeri-6617-Ser-7CU
1,1,train,srp_Gynu.aura._SDB-109565
1,1,train,tRNA_tdbR00000460-Aedes_albopictus-7160-Val-UAC
1,1,train,tRNA_tdbR00000549-Tetrahymena_pyriformis-5908-Tyr-QUA
1,1,train,tRNA_tdbR00000217-Mycoplasma_capricolum-2095-Leu-AA
1,1,train,tRNA_tdbR00000399-Aedes_albopictus-7160-Ser-GCU
1,1,train,srp_Neph.oliv._AF137379
1,1,train,tRNA_tdbR00000517-Neurospora_crassa-5141-Ini-CAU
1,1,train,srp_Chlo.tepi._AE006470
1,1,train,RNaseP_H.chlorum-partial
1,1,train,tRNA_tdbR00000609-Chlamydomonas_reinhardtii-3055-Leu-UA7
1,1,train,tRNA_tdbR00000592-Ascaris_suum-6253-Gln-UG
1,1,valid,srp_Myco.gall._AE015450
1,1,valid,tRNA_tdbR00000125-Bos_taurus-9913-Gly-UCC
1,1,valid,srp_Guil.thet._AF041468
1,1,test,srp_Dich.nodo._CP000513
1,1,test,tRNA_tdbR00000053-Bos_taurus-9913-Glu-NUC
1,1,test,16s_C.reinhardtii.mito_domain4
2,2,train,srp_Meso.viri._AF166114
2,2,train,srp_Dich.nodo._CP000513
2,2,train,srp_Cyan.mero._AY286123
2,2,train,tRNA_tdbR00000549-Tetrahymena_pyriformis-5908-Tyr-QUA
2,2,train,srp_Para.symb._BX908798
2,2,train,tRNA_tdbR00000593-Ascaris_suum-6253-Trp-CA
2,2,train,tRNA_tdbR00000399-Aedes_albopictus-7160-Ser-GCU
2,2,train,tRNA_tdbR00000235-Neurospora_crassa-5141-Leu-NAA
2,2,train,tRNA_tdbR00000127-Halocynthia_roretzi-7729-Gly-UCU
2,2,train,srp_Vibr.para._BA000031
2,2,train,tRNA_tdbR00000052-Aedes_albopictus-7160-Glu-NUC
2,2,train,srp_Myco.spec._CP000580
2,2,train,srp_Guil.thet._AF041468
2,2,train,tRNA_tdbR00000594-Ascaris_suum-6253-Leu-AA
2,2,train,srp_Pich.stip._CP000502
2,2,train,tRNA_tdbR00000553-Asterias_amurensis-7602-Tyr-GUA
2,2,train,tRNA_tdbR00000591-Ascaris_suum-6253-Lys-UU
2,2,train,tRNA_tdbR00000124-Aedes_albopictus-7160-Gly-UCC
2,2,train,tRNA_tdbR00000246-Bos_taurus-9913-Leu-NAA
2,2,train,tRNA_tdbR00000167-Aedes_albopictus-7160-Ile-GAU
2,2,train,tRNA_tdbR00000020-Escherichia_coli-562-Cys-GCA
2,2,train,srp_Porp.purp._U38804
2,2,train,16s_C.elegans_domain4
2,2,train,tRNA_tdbR00000126-Halocynthia_roretzi-7729-Gly-NCU
2,2,train,tRNA_tdbR00000460-Aedes_albopictus-7160-Val-UAC
2,2,train,srp_Yers.pseu._BX936398
2,2,train,tRNA_tdbR00000364-Ascaris_suum-6253-Arg-ACG
2,2,train,srp_Fuso.nucl._AE009951
2,2,train,16s_C.reinhardtii.mito_domain4
2,2,train,tRNA_tdbR00000440-Neurospora_crassa-5141-Thr-UGU
2,2,train,tmRNA_Jako.libe._TRW-143017_1-102
2,2,train,tRNA_tdbR00000400-Loligo_bleekeri-6617-Ser-7CU
2,2,train,tRNA_tdbR00000184-Asterias_amurensis-7602-Lys-CUU
2,2,train,tRNA_tdbR00000336-Aedes_albopictus-7160-Gln-NUG
2,2,train,tRNA_tdbR00000328-Enterobacteria_phage_T5-10726-Gln-UUG
2,2,train,tRNA_tdbR00000365-Aedes_albopictus-7160-Arg-UCG
2,2,train,tRNA_tdbR00000592-Ascaris_suum-6253-Gln-UG
2,2,train,tRNA_tdbR00000128-Halocynthia_roretzi-7729-Gly-GCU
2,2,train,srp_Camp.jeju._CP000538
2,2,train,srp_Gloe.viol._BA000045
2,2,train,srp_Phyt.infe._CV911012
2,2,train,16s_H.sapiens.mito_domain4
2,2,train,srp_Gynu.aura._SDB-109565
2,2,train,tRNA_tdbR00000282-Ascaris_suum-6253-Met-AU
2,2,train,RNaseP_H.chlorum-partial
2,2,train,srp_Myco.hyop._AE017243
2,2,train,srp_Neph.oliv._AF137379
2,2,train,srp_Camp.jeju._CP000768
2,2,train,tRNA_tdbR00000078-Ascaris_suum-6253-Phe-GAA
2,2,train,tRNA_tdbR00000125-Bos_taurus-9913-Gly-UCC
2,2,train,tRNA_tdbR00000609-Chlamydomonas_reinhardtii-3055-Leu-UA7
2,2,train,tRNA_tdbR00000517-Neurospora_crassa-5141-Ini-CAU
2,2,valid,tRNA_tdbR00000030-Aedes_albopictus-7160-Asp-GUC
2,2,valid,tRNA_tdbR00000053-Bos_taurus-9913-Glu-NUC
2,2,valid,srp_Myco.gall._AE015450
2,2,valid,srp_Bdel.bact._BX842656
2,2,valid,srp_Schi.pomb._AU010514
2,2,valid,tRNA_tdbR00000321-Saccharomyces_cerevisiae-4932-Pro-UGG
2,2,valid,srp_Rhod.balt._BX294144
2,2,valid,tRNA_tdbR00000029-Asterias_amurensis-7602-Asp-QUC
2,2,valid,srp_Toxo.gond._CO743022
2,2,test,tRNA_tdbR00000217-Mycoplasma_capricolum-2095-Leu-AA
2,2,test,srp_Cyan.cald._AF022186
2,2,test,tRNA_tdbR00000590-Ascaris_suum-6253-Glu-UC
2,2,test,srp_Chlo.tepi._AE006470
2,2,test,tRNA_tdbR00000395-Saccharomyces_cerevisiae-4932-Ser-GCU
2,2,test,tRNA_tdbR00000143-Asterias_amurensis-7602-His-QUG
2,2,test,tRNA_tdbR00000384-Mycoplasma_capricolum-2095-Ser-GCU
3,3,train,tRNA_tdbR00000127-Halocynthia_roretzi-7729-Gly-UCU
3,3,train,tRNA_tdbR00000400-Loligo_bleekeri-6617-Ser-7CU
3,3,train,tRNA_tdbR00000184-Asterias_amurensis-7602-Lys-CUU
3,3,train,srp_Bdel.bact._BX842656
3,3,train,16s_H.sapiens.mito_domain4
3,3,train,srp_Meso.viri._AF166114
3,3,train,srp_Guil.thet._AF041468
3,3,train,tRNA_tdbR00000593-Ascaris_suum-6253-Trp-CA
3,3,train,tRNA_tdbR00000052-Aedes_albopictus-7160-Glu-NUC
3,3,train,tRNA_tdbR00000246-Bos_taurus-9913-Leu-NAA
3,3,train,tRNA_tdbR00000029-Asterias_amurensis-7602-Asp-QUC
3,3,train,tRNA_tdbR00000440-Neurospora_crassa-5141-Thr-UGU
3,3,train,srp_Para.symb._BX908798
3,3,train,srp_Schi.pomb._AU010514
3,3,train,RNaseP_H.chlorum-partial
3,3,train,16s_C.reinhardtii.mito_domain4
3,3,train,srp_Phyt.infe._CV911012
3,3,train,srp_Camp.jeju._CP000538
3,3,train,tRNA_tdbR00000321-Saccharomyces_cerevisiae-4932-Pro-UGG
3,3,train,tRNA_tdbR00000553-Asterias_amurensis-7602-Tyr-GUA
3,3,train,srp_Myco.gall._AE015450
3,3,train,tRNA_tdbR00000126-Halocynthia_roretzi-7729-Gly-NCU
3,3,train,tRNA_tdbR00000282-Ascaris_suum-6253-Met-AU
3,3,train,tRNA_tdbR00000235-Neurospora_crassa-5141-Leu-NAA
3,3,train,tRNA_tdbR00000128-Halocynthia_roretzi-7729-Gly-GCU
3,3,train,srp_Neph.oliv._AF137379
3,3,train,tRNA_tdbR00000143-Asterias_amurensis-7602-His-QUG
3,3,train,srp_Dich.nodo._CP000513
3,3,train,tRNA_tdbR00000609-Chlamydomonas_reinhardtii-3055-Leu-UA7
3,3,train,tRNA_tdbR00000399-Aedes_albopictus-7160-Ser-GCU
3,3,train,tRNA_tdbR00000328-Enterobacteria_phage_T5-10726-Gln-UUG
3,3,train,srp_Chlo.tepi._AE006470
3,3,train,tRNA_tdbR00000594-Ascaris_suum-6253-Leu-AA
3,3,train,tRNA_tdbR00000217-Mycoplasma_capricolum-2095-Leu-AA
3,3,train,srp_Yers.pseu._BX936398
3,3,train,tRNA_tdbR00000020-Escherichia_coli-562-Cys-GCA
3,3,train,tRNA_tdbR00000365-Aedes_albopictus-7160-Arg-UCG
3,3,train,srp_Pich.stip._CP000502
3,3,train,srp_Cyan.cald._AF022186
3,3,train,tRNA_tdbR00000364-Ascaris_suum-6253-Arg-ACG
3,3,train,tRNA_tdbR00000124-Aedes_albopictus-7160-Gly-UCC
3,3,train,tRNA_tdbR00000384-Mycoplasma_capricolum-2095-Ser-GCU
3,3,train,tmRNA_Jako.libe._TRW-143017_1-102
3,3,train,srp_Fuso.nucl._AE009951
3,3,train,tRNA_tdbR00000590-Ascaris_suum-6253-Glu-UC
3,3,train,tRNA_tdbR00000395-Saccharomyces_cerevisiae-4932-Ser-GCU
3,3,train,srp_Vibr.para._BA000031
3,3,train,tRNA_tdbR00000078-Ascaris_suum-6253-Phe-GAA
3,3,train,srp_Myco.hyop._AE017243
3,3,train,tRNA_tdbR00000053-Bos_taurus-9913-Glu-NUC
3,3,train,tRNA_tdbR00000460-Aedes_albopictus-7160-Val-UAC
3,3,train,srp_Gynu.aura._SDB-109565
3,3,train,tRNA_tdbR00000517-Neurospora_crassa-5141-Ini-CAU
3,3,train,tRNA_tdbR00000336-Aedes_albopictus-7160-Gln-NUG
3,3,train,srp_Camp.jeju._CP000768
3,3,train,16s_C.elegans_domain4
3,3,valid,srp_Toxo.gond._CO743022
3,3,valid,tRNA_tdbR00000167-Aedes_albopictus-7160-Ile-GAU
3,3,valid,tRNA_tdbR00000549-Tetrahymena_pyriformis-5908-Tyr-QUA
3,3,valid,srp_Rhod.balt._BX294144
3,3,valid,tRNA_tdbR00000592-Ascaris_suum-6253-Gln-UG
3,3,valid,srp_Cyan.mero._AY286123
3,3,test,srp_Gloe.viol._BA000045
3,3,test,srp_Porp.purp._U38804
3,3,test,tRNA_tdbR00000591-Ascaris_suum-6253-Lys-UU
3,3,test,tRNA_tdbR00000030-Aedes_albopictus-7160-Asp-GUC
3,3,test,srp_Myco.spec._CP000580
3,3,test,tRNA_tdbR00000125-Bos_taurus-9913-Gly-UCC
4,4,train,srp_Porp.purp._U38804
4,4,train,srp_Myco.gall._AE015450
4,4,train,tRNA_tdbR00000321-Saccharomyces_cerevisiae-4932-Pro-UGG
4,4,train,tRNA_tdbR00000235-Neurospora_crassa-5141-Leu-NAA
4,4,train,tRNA_tdbR00000549-Tetrahymena_pyriformis-5908-Tyr-QUA
4,4,train,srp_Phyt.infe._CV911012
4,4,train,tRNA_tdbR00000592-Ascaris_suum-6253-Gln-UG
4,4,train,srp_Meso.viri._AF166114
4,4,train,srp_Myco.spec._CP000580
4,4,train,tRNA_tdbR00000591-Ascaris_suum-6253-Lys-UU
4,4,train,tRNA_tdbR00000053-Bos_taurus-9913-Glu-NUC
4,4,train,tRNA_tdbR00000365-Aedes_albopictus-7160-Arg-UCG
4,4,train,srp_Para.symb._BX908798
4,4,train,tRNA_tdbR00000460-Aedes_albopictus-7160-Val-UAC
4,4,train,tRNA_tdbR00000384-Mycoplasma_capricolum-2095-Ser-GCU
4,4,train,srp_Schi.pomb._AU010514
4,4,train,srp_Gynu.aura._SDB-109565
4,4,train,tRNA_tdbR00000590-Ascaris_suum-6253-Glu-UC
4,4,train,tRNA_tdbR00000395-Saccharomyces_cerevisiae-4932-Ser-GCU
4,4,train,tRNA_tdbR00000440-Neurospora_crassa-5141-Thr-UGU
4,4,train,srp_Pich.stip._CP000502
4,4,train,tRNA_tdbR00000128-Halocynthia_roretzi-7729-Gly-GCU
4,4,train,srp_Guil.thet._AF041468
4,4,train,srp_Myco.hyop._AE017243
4,4,train,tRNA_tdbR00000124-Aedes_albopictus-7160-Gly-UCC
4,4,train,tRNA_tdbR00000399-Aedes_albopictus-7160-Ser-GCU
4,4,train,tRNA_tdbR00000609-Chlamydomonas_reinhardtii-3055-Leu-UA7
4,4,train,srp_Dich.nodo._CP000513
4,4,train,tRNA_tdbR00000328-Enterobacteria_phage_T5-10726-Gln-UUG
4,4,train,srp_Cyan.cald._AF022186
4,4,train,tRNA_tdbR00000078-Ascaris_suum-6253-Phe-GAA
4,4,train,srp_Rhod.balt._BX294144
4,4,train,tRNA_tdbR00000126-Halocynthia_roretzi-7729-Gly-NCU
4,4,train,tRNA_tdbR00000143-Asterias_amurensis-7602-His-QUG
4,4,train,tmRNA_Jako.libe._TRW-143017_1-102
4,4,train,srp_Neph.oliv._AF137379
4,4,train,tRNA_tdbR00000184-Asterias_amurensis-7602-Lys-CUU
4,4,train,tRNA_tdbR00000217-Mycoplasma_capricolum-2095-Leu-AA
4,4,train,srp_Vibr.para._BA000031
4,4,train,tRNA_tdbR00000364-Ascaris_suum-6253-Arg-ACG
4,4,train,16s_C.reinhardtii.mito_domain4
4,4,train,tRNA_tdbR00000553-Asterias_amurensis-7602-Tyr-GUA
4,4,train,srp_Camp.jeju._CP000538
4,4,train,srp_Yers.pseu._BX936398
4,4,train,tRNA_tdbR00000127-Halocynthia_roretzi-7729-Gly-UCU
4,4,train,srp_Gloe.viol._BA000045
4,4,train,srp_Fuso.nucl._AE009951
4,4,train,srp_Bdel.bact._BX842656
4,4,train,tRNA_tdbR00000517-Neurospora_crassa-5141-Ini-CAU
4,4,train,tRNA_tdbR00000020-Escherichia_coli-562-Cys-GCA
4,4,train,tRNA_tdbR00000594-Ascaris_suum-6253-Leu-AA
4,4,train,srp_Camp.jeju._CP000768
4,4,train,tRNA_tdbR00000125-Bos_taurus-9913-Gly-UCC
4,4,train,srp_Chlo.tepi._AE006470
4,4,train,tRNA_tdbR00000593-Ascaris_suum-6253-Trp-CA
4,4,valid,srp_Toxo.gond._CO743022
4,4,valid,tRNA_tdbR00000030-Aedes_albopictus-7160-Asp-GUC
4,4,valid,tRNA_tdbR00000246-Bos_taurus-9913-Leu-NAA
4,4,valid,tRNA_tdbR00000167-Aedes_albopictus-7160-Ile-GAU
4,4,valid,RNaseP_H.chlorum-partial
4,4,valid,16s_H.sapiens.mito_domain4
4,4,test,tRNA_tdbR00000052-Aedes_albopictus-7160-Glu-NUC
4,4,test,srp_Cyan.mero._AY286123
4,4,test,tRNA_tdbR00000029-Asterias_amurensis-7602-Asp-QUC
4,4,test,tRNA_tdbR00000336-Aedes_albopictus-7160-Gln-NUG
4,4,test,16s_C.elegans_domain4
4,4,test,tRNA_tdbR00000282-Ascaris_suum-6253-Met-AU
4,4,test,tRNA_tdbR00000400-Loligo_bleekeri-6617-Ser-7CU
5,5,train,tRNA_tdbR00000127-Halocynthia_roretzi-7729-Gly-UCU
5,5,train,srp_Guil.thet._AF041468
5,5,train,tRNA_tdbR00000593-Ascaris_suum-6253-Trp-CA
5,5,train,tRNA_tdbR00000052-Aedes_albopictus-7160-Glu-NUC
5,5,train,tRNA_tdbR00000184-Asterias_amurensis-7602-Lys-CUU
5,5,train,tRNA_tdbR00000029-Asterias_amurensis-7602-Asp-QUC
5,5,train,tRNA_tdbR00000336-Aedes_albopictus-7160-Gln-NUG
5,5,train,tRNA_tdbR00000440-Neurospora_crassa-5141-Thr-UGU
5,5,train,srp_Porp.purp._U38804
5,5,train,srp_Para.symb._BX908798
5,5,train,srp_Schi.pomb._AU010514
5,5,train,RNaseP_H.chlorum-partial
5,5,train,16s_C.reinhardtii.mito_domain4
5,5,train,srp_Camp.jeju._CP000538
5,5,train,tRNA_tdbR00000553-Asterias_amurensis-7602-Tyr-GUA
5,5,train,tRNA_tdbR00000591-Ascaris_suum-6253-Lys-UU
5,5,train,tRNA_tdbR00000167-Aedes_albopictus-7160-Ile-GAU
5,5,train,tRNA_tdbR00000030-Aedes_albopictus-7160-Asp-GUC
5,5,train,tRNA_tdbR00000282-Ascaris_suum-6253-Met-AU
5,5,train,srp_Rhod.balt._BX294144
5,5,train,tRNA_tdbR00000246-Bos_taurus-9913-Leu-NAA
5,5,train,srp_Dich.nodo._CP000513
5,5,train,srp_Chlo.tepi._AE006470
5,5,train,tRNA_tdbR00000020-Escherichia_coli-562-Cys-GCA
5,5,train,tRNA_tdbR00000399-Aedes_albopictus-7160-Ser-GCU
5,5,train,tRNA_tdbR00000126-Halocynthia_roretzi-7729-Gly-NCU
5,5,train,tRNA_tdbR00000217-Mycoplasma_capricolum-2095-Leu-AA
5,5,train,tRNA_tdbR00000517-Neurospora_crassa-5141-Ini-CAU
5,5,train,tRNA_tdbR00000460-Aedes_albopictus-7160-Val-UAC
5,5,train,srp_Neph.oliv._AF137379
5,5,train,srp_Camp.jeju._CP000768
5,5,train,tRNA_tdbR00000395-Saccharomyces_cerevisiae-4932-Ser-GCU
5,5,train,tRNA_tdbR00000364-Ascaris_suum-6253-Arg-ACG
5,5,train,srp_Meso.viri._AF166114
5,5,train,srp_Myco.spec._CP000580
5,5,train,tRNA_tdbR00000143-Asterias_amurensis-7602-His-QUG
5,5,train,tRNA_tdbR00000590-Ascaris_suum-6253-Glu-UC
5,5,train,tRNA_tdbR00000125-Bos_taurus-9913-Gly-UCC
5,5,train,tRNA_tdbR00000124-Aedes_albopictus-7160-Gly-UCC
5,5,train,srp_Cyan.cald._AF022186
5,5,train,tRNA_tdbR00000235-Neurospora_crassa-5141-Leu-NAA
5,5,train,tRNA_tdbR00000078-Ascaris_suum-6253-Phe-GAA
5,5,train,tRNA_tdbR00000128-Halocynthia_roretzi-7729-Gly-GCU
5,5,train,tRNA_tdbR00000365-Aedes_albopictus-7160-Arg-UCG
5,5,train,srp_Myco.hyop._AE017243
5,5,train,srp_Cyan.mero._AY286123
5,5,train,srp_Toxo.gond._CO743022
5,5,train,tRNA_tdbR00000053-Bos_taurus-9913-Glu-NUC
5,5,train,srp_Gynu.aura._SDB-109565
5,5,train,tRNA_tdbR00000400-Loligo_bleekeri-6617-Ser-7CU
5,5,train,tmRNA_Jako.libe._TRW-143017_1-102
5,5,train,srp_Pich.stip._CP000502
5,5,train,tRNA_tdbR00000609-Chlamydomonas_reinhardtii-3055-Leu-UA7
5,5,train,16s_C.elegans_domain4
5,5,valid,tRNA_tdbR00000328-Enterobacteria_phage_T5-10726-Gln-UUG
5,5,valid,srp_Bdel.bact._BX842656
5,5,valid,tRNA_tdbR00000594-Ascaris_suum-6253-Leu-AA
5,5,valid,tRNA_tdbR00000549-Tetrahymena_pyriformis-5908-Tyr-QUA
5,5,valid,tRNA_tdbR00000384-Mycoplasma_capricolum-2095-Ser-GCU
5,5,valid,16s_H.sapiens.mito_domain4
5,5,valid,srp_Gloe.viol._BA000045
5,5,test,srp_Phyt.infe._CV911012
5,5,test,tRNA_tdbR00000321-Saccharomyces_cerevisiae-4932-Pro-UGG
5,5,test,srp_Yers.pseu._BX936398
5,5,test,tRNA_tdbR00000592-Ascaris_suum-6253-Gln-UG
5,5,test,srp_Fuso.nucl._AE009951
5,5,test,srp_Myco.gall._AE015450
5,5,test,srp_Vibr.para._BA000031
6,6,train,srp_Meso.viri._AF166114
6,6,train,srp_Dich.nodo._CP000513
6,6,train,tRNA_tdbR00000246-Bos_taurus-9913-Leu-NAA
6,6,train,srp_Gloe.viol._BA000045
6,6,train,tRNA_tdbR00000126-Halocynthia_roretzi-7729-Gly-NCU
6,6,train,tRNA_tdbR00000052-Aedes_albopictus-7160-Glu-NUC
6,6,train,tRNA_tdbR00000125-Bos_taurus-9913-Gly-UCC
6,6,train,tRNA_tdbR00000128-Halocynthia_roretzi-7729-Gly-GCU
6,6,train,tRNA_tdbR00000384-Mycoplasma_capricolum-2095-Ser-GCU
6,6,train,srp_Guil.thet._AF041468
6,6,train,srp_Schi.pomb._AU010514
6,6,train,srp_Myco.spec._CP000580
6,6,train,srp_Vibr.para._BA000031
6,6,train,srp_Phyt.infe._CV911012
6,6,train,tRNA_tdbR00000127-Halocynthia_roretzi-7729-Gly-UCU
6,6,train,tRNA_tdbR00000217-Mycoplasma_capricolum-2095-Leu-AA
6,6,train,srp_Pich.stip._CP000502
6,6,train,tRNA_tdbR00000395-Saccharomyces_cerevisiae-4932-Ser-GCU
6,6,train,tRNA_tdbR00000399-Aedes_albopictus-7160-Ser-GCU
6,6,train,srp_Chlo.tepi._AE006470
6,6,train,tRNA_tdbR00000591-Ascaris_suum-6253-Lys-UU
6,6,train,tRNA_tdbR00000020-Escherichia_coli-562-Cys-GCA
6,6,train,srp_Porp.purp._U38804
6,6,train,16s_C.elegans_domain4
6,6,train,tRNA_tdbR00000364-Ascaris_suum-6253-Arg-ACG
6,6,train,tRNA_tdbR00000594-Ascaris_suum-6253-Leu-AA
6,6,train,tRNA_tdbR00000460-Aedes_albopictus-7160-Val-UAC
6,6,train,srp_Yers.pseu._BX936398
6,6,train,srp_Fuso.nucl._AE009951
6,6,train,srp_Neph.oliv._AF137379
6,6,train,srp_Camp.jeju._CP000768
6,6,train,srp_Rhod.balt._BX294144
6,6,train,tmRNA_Jako.libe._TRW-143017_1-102
6,6,train,tRNA_tdbR00000400-Loligo_bleekeri-6617-Ser-7CU
6,6,train,srp_Cyan.cald._AF022186
6,6,train,srp_Toxo.gond._CO743022
6,6,train,tRNA_tdbR00000143-Asterias_amurensis-7602-His-QUG
6,6,train,tRNA_tdbR00000184-Asterias_amurensis-7602-Lys-CUU
6,6,train,tRNA_tdbR00000336-Aedes_albopictus-7160-Gln-NUG
6,6,train,tRNA_tdbR00000440-Neurospora_crassa-5141-Thr-UGU
6,6,train,tRNA_tdbR00000328-Enterobacteria_phage_T5-10726-Gln-UUG
6,6,train,tRNA_tdbR00000124-Aedes_albopictus-7160-Gly-UCC
6,6,train,tRNA_tdbR00000553-Asterias_amurensis-7602-Tyr-GUA
6,6,train,tRNA_tdbR00000609-Chlamydomonas_reinhardtii-3055-Leu-UA7
6,6,train,tRNA_tdbR00000592-Ascaris_suum-6253-Gln-UG
6,6,train,tRNA_tdbR00000365-Aedes_albopictus-7160-Arg-UCG
6,6,train,16s_H.sapiens.mito_domain4
6,6,train,srp_Gynu.aura._SDB-109565
6,6,train,tRNA_tdbR00000282-Ascaris_suum-6253-Met-AU
6,6,train,RNaseP_H.chlorum-partial
6,6,train,srp_Myco.hyop._AE017243
6,6,train,tRNA_tdbR00000590-Ascaris_suum-6253-Glu-UC
6,6,train,tRNA_tdbR00000030-Aedes_albopictus-7160-Asp-GUC
6,6,train,16s_C.reinhardtii.mito_domain4
6,6,train,tRNA_tdbR00000593-Ascaris_suum-6253-Trp-CA
6,6,train,tRNA_tdbR00000517-Neurospora_crassa-5141-Ini-CAU
6,6,valid,tRNA_tdbR00000053-Bos_taurus-9913-Glu-NUC
6,6,valid,srp_Myco.gall._AE015450
6,6,valid,tRNA_tdbR00000321-Saccharomyces_cerevisiae-4932-Pro-UGG
6,6,valid,tRNA_tdbR00000029-Asterias_amurensis-7602-Asp-QUC
6,6,valid,tRNA_tdbR00000549-Tetrahymena_pyriformis-5908-Tyr-QUA
6,6,valid,srp_Cyan.mero._AY286123
6,6,test,srp_Camp.jeju._CP000538
6,6,test,srp_Para.symb._BX908798
6,6,test,srp_Bdel.bact._BX842656
6,6,test,tRNA_tdbR00000167-Aedes_albopictus-7160-Ile-GAU
6,6,test,tRNA_tdbR00000078-Ascaris_suum-6253-Phe-GAA
6,6,test,tRNA_tdbR00000235-Neurospora_crassa-5141-Leu-NAA
7,7,train,tRNA_tdbR00000029-Asterias_amurensis-7602-Asp-QUC
7,7,train,srp_Cyan.cald._AF022186
7,7,train,srp_Porp.purp._U38804
7,7,train,tRNA_tdbR00000128-Halocynthia_roretzi-7729-Gly-GCU
7,7,train,tRNA_tdbR00000399-Aedes_albopictus-7160-Ser-GCU
7,7,train,tRNA_tdbR00000553-Asterias_amurensis-7602-Tyr-GUA
7,7,train,srp_Phyt.infe._CV911012
7,7,train,srp_Para.symb._BX908798
7,7,train,srp_Meso.viri._AF166114
7,7,train,tRNA_tdbR00000052-Aedes_albopictus-7160-Glu-NUC
7,7,train,srp_Myco.gall._AE015450
7,7,train,RNaseP_H.chlorum-partial
7,7,train,srp_Toxo.gond._CO743022
7,7,train,tRNA_tdbR00000384-Mycoplasma_capricolum-2095-Ser-GCU
7,7,train,srp_Chlo.tepi._AE006470
7,7,train,srp_Dich.nodo._CP000513
7,7,train,srp_Bdel.bact._BX842656
7,7,train,16s_C.reinhardtii.mito_domain4
7,7,train,tRNA_tdbR00000282-Ascaris_suum-6253-Met-AU
7,7,train,tRNA_tdbR00000517-Neurospora_crassa-5141-Ini-CAU
7,7,train,tRNA_tdbR00000549-Tetrahymena_pyriformis-5908-Tyr-QUA
7,7,train,16s_H.sapiens.mito_domain4
7,7,train,srp_Schi.pomb._AU010514
7,7,train,tRNA_tdbR00000591-Ascaris_suum-6253-Lys-UU
7,7,train,tRNA_tdbR00000030-Aedes_albopictus-7160-Asp-GUC
7,7,train,tRNA_tdbR00000592-Ascaris_suum-6253-Gln-UG
7,7,train,tRNA_tdbR00000124-Aedes_albopictus-7160-Gly-UCC
7,7,train,tRNA_tdbR00000235-Neurospora_crassa-5141-Leu-NAA
7,7,train,tRNA_tdbR00000078-Ascaris_suum-6253-Phe-GAA
7,7,train,tRNA_tdbR00000246-Bos_taurus-9913-Leu-NAA
7,7,train,srp_Neph.oliv._AF137379
7,7,train,tRNA_tdbR00000328-Enterobacteria_phage_T5-10726-Gln-UUG
7,7,train,tRNA_tdbR00000365-Aedes_albopictus-7160-Arg-UCG
7,7,train,tRNA_tdbR00000126-Halocynthia_roretzi-7729-Gly-NCU
7,7,train,tRNA_tdbR00000609-Chlamydomonas_reinhardtii-3055-Leu-UA7
7,7,train,tRNA_tdbR00000217-Mycoplasma_capricolum-2095-Leu-AA
7,7,train,tRNA_tdbR00000020-Escherichia_coli-562-Cys-GCA
7,7,train,tRNA_tdbR00000127-Halocynthia_roretzi-7729-Gly-UCU
7,7,train,tRNA_tdbR00000593-Ascaris_suum-6253-Trp-CA
7,7,train,tRNA_tdbR00000395-Saccharomyces_cerevisiae-4932-Ser-GCU
7,7,train,srp_Camp.jeju._CP000768
7,7,train,srp_Rhod.balt._BX294144
7,7,train,srp_Vibr.para._BA000031
7,7,train,srp_Myco.spec._CP000580
7,7,train,tmRNA_Jako.libe._TRW-143017_1-102
7,7,train,srp_Fuso.nucl._AE009951
7,7,train,tRNA_tdbR00000590-Ascaris_suum-6253-Glu-UC
7,7,train,tRNA_tdbR00000125-Bos_taurus-9913-Gly-UCC
7,7,train,tRNA_tdbR00000143-Asterias_amurensis-7602-His-QUG
7,7,train,tRNA_tdbR00000167-Aedes_albopictus-7160-Ile-GAU
7,7,train,srp_Camp.jeju._CP000538
7,7,train,srp_Myco.hyop._AE017243
7,7,train,srp_Cyan.mero._AY286123
7,7,train,tRNA_tdbR00000053-Bos_taurus-9913-Glu-NUC
7,7,train,tRNA_tdbR00000460-Aedes_albopictus-7160-Val-UAC
7,7,train,tRNA_tdbR00000400-Loligo_bleekeri-6617-Ser-7CU
7,7,train,tRNA_tdbR00000321-Saccharomyces_cerevisiae-4932-Pro-UGG
7,7,train,srp_Yers.pseu._BX936398
7,7,train,16s_C.elegans_domain4
7,7,valid,tRNA_tdbR00000336-Aedes_albopictus-7160-Gln-NUG
7,7,valid,tRNA_tdbR00000184-Asterias_amurensis-7602-Lys-CUU
7,7,valid,srp_Gloe.viol._BA000045
7,7,test,srp_Gynu.aura._SDB-109565
7,7,test,srp_Pich.stip._CP000502
7,7,test,tRNA_tdbR00000440-Neurospora_crassa-5141-Thr-UGU
7,7,test,tRNA_tdbR00000364-Ascaris_suum-6253-Arg-ACG
7,7,test,tRNA_tdbR00000594-Ascaris_suum-6253-Leu-AA
7,7,test,srp_Guil.thet._AF041468
8,8,train,tRNA_tdbR00000364-Ascaris_suum-6253-Arg-ACG
8,8,train,srp_Dich.nodo._CP000513
8,8,train,tRNA_tdbR00000400-Loligo_bleekeri-6617-Ser-7CU
8,8,train,srp_Gloe.viol._BA000045
8,8,train,tRNA_tdbR00000124-Aedes_albopictus-7160-Gly-UCC
8,8,train,srp_Schi.pomb._AU010514
8,8,train,tRNA_tdbR00000609-Chlamydomonas_reinhardtii-3055-Leu-UA7
8,8,train,tRNA_tdbR00000052-Aedes_albopictus-7160-Glu-NUC
8,8,train,tRNA_tdbR00000167-Aedes_albopictus-7160-Ile-GAU
8,8,train,tRNA_tdbR00000590-Ascaris_suum-6253-Glu-UC
8,8,train,tRNA_tdbR00000029-Asterias_amurensis-7602-Asp-QUC
8,8,train,srp_Bdel.bact._BX842656
8,8,train,srp_Camp.jeju._CP000538
8,8,train,16s_H.sapiens.mito_domain4
8,8,train,tRNA_tdbR00000440-Neurospora_crassa-5141-Thr-UGU
8,8,train,tRNA_tdbR00000549-Tetrahymena_pyriformis-5908-Tyr-QUA
8,8,train,tRNA_tdbR00000127-Halocynthia_roretzi-7729-Gly-UCU
8,8,train,tRNA_tdbR00000395-Saccharomyces_cerevisiae-4932-Ser-GCU
8,8,train,tRNA_tdbR00000336-Aedes_albopictus-7160-Gln-NUG
8,8,train,tRNA_tdbR00000078-Ascaris_suum-6253-Phe-GAA
8,8,train,srp_Phyt.infe._CV911012
8,8,train,srp_Guil.thet._AF041468
8,8,train,tRNA_tdbR00000053-Bos_taurus-9913-Glu-NUC
8,8,train,tRNA_tdbR00000553-Asterias_amurensis-7602-Tyr-GUA
8,8,train,tRNA_tdbR00000126-Halocynthia_roretzi-7729-Gly-NCU
8,8,train,tRNA_tdbR00000125-Bos_taurus-9913-Gly-UCC
8,8,train,tRNA_tdbR00000184-Asterias_amurensis-7602-Lys-CUU
8,8,train,tRNA_tdbR00000591-Ascaris_suum-6253-Lys-UU
8,8,train,srp_Porp.purp._U38804
8,8,train,srp_Para.symb._BX908798
8,8,train,srp_Chlo.tepi._AE006470
8,8,train,srp_Cyan.cald._AF022186
8,8,train,tRNA_tdbR00000030-Aedes_albopictus-7160-Asp-GUC
8,8,train,srp_Pich.stip._CP000502
8,8,train,tmRNA_Jako.libe._TRW-143017_1-102
8,8,train,tRNA_tdbR00000282-Ascaris_suum-6253-Met-AU
8,8,train,tRNA_tdbR00000592-Ascaris_suum-6253-Gln-UG
8,8,train,srp_Myco.spec._CP000580
8,8,train,srp_Myco.hyop._AE017243
8,8,train,tRNA_tdbR00000328-Enterobacteria_phage_T5-10726-Gln-UUG
8,8,train,tRNA_tdbR00000365-Aedes_albopictus-7160-Arg-UCG
8,8,train,srp_Fuso.nucl._AE009951
8,8,train,tRNA_tdbR00000217-Mycoplasma_capricolum-2095-Leu-AA
8,8,train,16s_C.elegans_domain4
8,8,train,srp_Gynu.aura._SDB-109565
8,8,train,srp_Neph.oliv._AF137379
8,8,train,tRNA_tdbR00000143-Asterias_amurensis-7602-His-QUG
8,8,train,srp_Yers.pseu._BX936398
8,8,train,tRNA_tdbR00000384-Mycoplasma_capricolum-2095-Ser-GCU
8,8,train,tRNA_tdbR00000594-Ascaris_suum-6253-Leu-AA
8,8,train,16s_C.reinhardtii.mito_domain4
8,8,valid,srp_Vibr.para._BA000031
8,8,valid,tRNA_tdbR00000593-Ascaris_suum-6253-Trp-CA
8,8,valid,srp_Myco.gall._AE015450
8,8,valid,tRNA_tdbR00000321-Saccharomyces_cerevisiae-4932-Pro-UGG
8,8,valid,tRNA_tdbR00000235-Neurospora_crassa-5141-Leu-NAA
8,8,valid,srp_Cyan.mero._AY286123
8,8,valid,tRNA_tdbR00000246-Bos_taurus-9913-Leu-NAA
8,8,valid,srp_Meso.viri._AF166114
8,8,test,tRNA_tdbR00000460-Aedes_albopictus-7160-Val-UAC
8,8,test,tRNA_tdbR00000020-Escherichia_coli-562-Cys-GCA
8,8,test,RNaseP_H.chlorum-partial
8,8,test,tRNA_tdbR00000517-Neurospora_crassa-5141-Ini-CAU
8,8,test,tRNA_tdbR00000128-Halocynthia_roretzi-7729-Gly-GCU
8,8,test,srp_Toxo.gond._CO743022
8,8,test,tRNA_tdbR00000399-Aedes_albopictus-7160-Ser-GCU
8,8,test,srp_Rhod.balt._BX294144
8,8,test,srp_Camp.jeju._CP000768
9,9,train,tRNA_tdbR00000364-Ascaris_suum-6253-Arg-ACG
9,9,train,tRNA_tdbR00000167-Aedes_albopictus-7160-Ile-GAU
9,9,train,tRNA_tdbR00000184-Asterias_amurensis-7602-Lys-CUU
9,9,train,tRNA_tdbR00000053-Bos_taurus-9913-Glu-NUC
9,9,train,srp_Gloe.viol._BA000045
9,9,train,srp_Porp.purp._U38804
9,9,train,tRNA_tdbR00000030-Aedes_albopictus-7160-Asp-GUC
9,9,train,tmRNA_Jako.libe._TRW-143017_1-102
9,9,train,tRNA_tdbR00000590-Ascaris_suum-6253-Glu-UC
9,9,train,srp_Myco.gall._AE015450
9,9,train,tRNA_tdbR00000591-Ascaris_suum-6253-Lys-UU
9,9,train,srp_Myco.spec._CP000580
9,9,train,srp_Toxo.gond._CO743022
9,9,train,tRNA_tdbR00000592-Ascaris_suum-6253-Gln-UG
9,9,train,tRNA_tdbR00000440-Neurospora_crassa-5141-Thr-UGU
9,9,train,tRNA_tdbR00000460-Aedes_albopictus-7160-Val-UAC
9,9,train,srp_Dich.nodo._CP000513
9,9,train,srp_Para.symb._BX908798
9,9,train,tRNA_tdbR00000029-Asterias_amurensis-7602-Asp-QUC
9,9,train,tRNA_tdbR00000246-Bos_taurus-9913-Leu-NAA
9,9,train,tRNA_tdbR00000124-Aedes_albopictus-7160-Gly-UCC
9,9,train,tRNA_tdbR00000395-Saccharomyces_cerevisiae-4932-Ser-GCU
9,9,train,16s_C.elegans_domain4
9,9,train,tRNA_tdbR00000400-Loligo_bleekeri-6617-Ser-7CU
9,9,train,tRNA_tdbR00000052-Aedes_albopictus-7160-Glu-NUC
9,9,train,tRNA_tdbR00000517-Neurospora_crassa-5141-Ini-CAU
9,9,train,srp_Phyt.infe._CV911012
9,9,train,tRNA_tdbR00000128-Halocynthia_roretzi-7729-Gly-GCU
9,9,train,tRNA_tdbR00000553-Asterias_amurensis-7602-Tyr-GUA
9,9,train,tRNA_tdbR00000594-Ascaris_suum-6253-Leu-AA
9,9,train,16s_H.sapiens.mito_domain4
9,9,train,tRNA_tdbR00000143-Asterias_amurensis-7602-His-QUG
9,9,train,tRNA_tdbR00000399-Aedes_albopictus-7160-Ser-GCU
9,9,train,tRNA_tdbR00000020-Escherichia_coli-562-Cys-GCA
9,9,train,tRNA_tdbR00000609-Chlamydomonas_reinhardtii-3055-Leu-UA7
9,9,train,srp_Vibr.para._BA000031
9,9,train,tRNA_tdbR00000217-Mycoplasma_capricolum-2095-Leu-AA
9,9,train,tRNA_tdbR00000126-Halocynthia_roretzi-7729-Gly-NCU
9,9,train,srp_Pich.stip._CP000502
9,9,train,srp_Neph.oliv._AF137379
9,9,train,tRNA_tdbR00000336-Aedes_albopictus-7160-Gln-NUG
9,9,train,16s_C.reinhardtii.mito_domain4
9,9,train,tRNA_tdbR00000384-Mycoplasma_capricolum-2095-Ser-GCU
9,9,train,srp_Myco.hyop._AE017243
9,9,train,tRNA_tdbR00000282-Ascaris_suum-6253-Met-AU
9,9,train,srp_Fuso.nucl._AE009951
9,9,train,srp_Bdel.bact._BX842656
9,9,train,srp_Guil.thet._AF041468
9,9,train,srp_Yers.pseu._BX936398
9,9,train,srp_Gynu.aura._SDB-109565
9,9,train,srp_Rhod.balt._BX294144
9,9,train,srp_Cyan.cald._AF022186
9,9,train,srp_Camp.jeju._CP000768
9,9,train,tRNA_tdbR00000078-Ascaris_suum-6253-Phe-GAA
9,9,train,tRNA_tdbR00000125-Bos_taurus-9913-Gly-UCC
9,9,train,srp_Chlo.tepi._AE006470
9,9,valid,tRNA_tdbR00000235-Neurospora_crassa-5141-Leu-NAA
9,9,valid,RNaseP_H.chlorum-partial
9,9,valid,srp_Camp.jeju._CP000538
9,9,valid,tRNA_tdbR00000321-Saccharomyces_cerevisiae-4932-Pro-UGG
9,9,valid,srp_Cyan.mero._AY286123
9,9,test,tRNA_tdbR00000328-Enterobacteria_phage_T5-10726-Gln-UUG
9,9,test,srp_Meso.viri._AF166114
9,9,test,tRNA_tdbR00000365-Aedes_albopictus-7160-Arg-UCG
9,9,test,tRNA_tdbR00000127-Halocynthia_roretzi-7729-Gly-UCU
9,9,test,tRNA_tdbR00000549-Tetrahymena_pyriformis-5908-Tyr-QUA
9,9,test,tRNA_tdbR00000593-Ascaris_suum-6253-Trp-CA
9,9,test,srp_Schi.pomb._AU010514
